;1.0
ASD;1.0
ActivityViewer;1.0
Autobench;1.0
Batch Man;1.0
Bending;1.0
CCTool;1.0
CSOStructureComputationsServer;1.0
CSOStructureComputationsServer.exe;1.0
CSOStructureServer;1.0
Collapse;1.0
CollapseLib;0.0
DCalc;1.0
DYNNA;1.0
DavitBuoy;1.0
Deplast;1.0
Depres;1.0
DepresAnnu;0.0
EDC1;1.0
EFNA2;1.0
EFNA2 ;1.0
Erode;1.0
FLANGE;1.0
FLEXBOSS;1.0
FRACTAL;1.0
FTChPr;1.0
FlipEar;1.0
Foam;1.0
Hypo;1.0
IFT;1.0
LB;1.0
LBWide;1.0
LIFE;1.0
LateralBuckling;1.0
LifeDamage;1.0
LifeServeur;1.0
LifeTemporal;1.0
Lotoing;1.0
MRCZ;1.0
Moldi;1.0
MoldiData;1.0
MoldiDataApp;1.0
MonProjet;1.0
NNIWDA;1.0
NomProjet;1.0
P02Accueil;1.0
P03.EXE;1.0
P04;1.0
PEDSoft.Components;1.0
Parabaq;1.0
Procat;1.0
ProjMonProjet;1.0
Project1;1.0
SLIBE;1.0
SLPM;1.0
SLPMServer;1.0
STFA2;1.0
STRUC;1.0
STRUCTURE;1.0
Sheath;1.0
Slibe;1.0
Slibe3;1.0
SlibeFAST;1.0
SlpmTemporal;1.0
Stabil;1.0
Stiffness;1.0
Stiffness3;1.0
StrcSvrIntf;1.0
THERM;1.0
THERM2;1.0
Tetes;1.0
ThermLib;1.0
ThermLib2;1.0
Titan;1.0
Trench;1.0
Vortex;1.0
WAVES;1.0
nniwda;1.0
p02Accueil;1.0
p03;1.0
p03.exe;1.0
p04;1.0
pH;1.0
